{"pen_depth_range_min": 0.6440000000000001, "pen_depth_range_max": 0.8420000000000001}