{"pen_depth_range_min": 0.5360000000000004, "pen_depth_range_max": 0.6880000000000005}